review_id,order_id,rating,review
1,82,4,Morbi vestibulum velit id pretium iaculis diam erat fermentum justo nec condimentum neque sapien placerat ante.
2,4,2,Sed ante.
3,437,1,Vestibulum ante ipsum primis in faucibus orci luctus et ultrices posuere cubilia Curae; Duis faucibus accumsan odio.
4,629,5,Curabitur convallis.
5,220,2,Nam congue risus semper porta volutpat quam pede lobortis ligula sit amet eleifend pede libero quis orci. Nullam molestie nibh in lectus.
6,888,5,Duis aliquam convallis nunc.
7,354,2,In congue. Etiam justo.
8,167,5,Duis ac nibh. Fusce lacus purus aliquet at feugiat non pretium quis lectus.
9,866,3,Mauris lacinia sapien quis libero.
10,965,2,Vivamus vestibulum sagittis sapien.
11,968,2,Nam ultrices libero non mattis pulvinar nulla pede ullamcorper augue a suscipit nulla elit ac nulla. Sed vel enim sit amet nunc viverra dapibus.
12,217,4,Etiam justo. Etiam pretium iaculis justo.
13,635,5,Vivamus vel nulla eget eros elementum pellentesque.
14,32,3,Ut at dolor quis odio consequat varius.
15,630,2,Vivamus vestibulum sagittis sapien.
16,402,2,Integer tincidunt ante vel ipsum. Praesent blandit lacinia erat.
17,801,2,Integer aliquet massa id lobortis convallis tortor risus dapibus augue vel accumsan tellus nisi eu orci. Mauris lacinia sapien quis libero.
18,538,2,Nullam varius.
19,466,5,Donec ut dolor. Morbi vel lectus in quam fringilla rhoncus.
20,329,5,Pellentesque eget nunc. Donec quis orci eget orci vehicula condimentum.
21,663,3,Donec ut mauris eget massa tempor convallis.
22,524,1,Maecenas tincidunt lacus at velit.
23,334,5,Sed accumsan felis.
24,871,5,Nulla ac enim. In tempor turpis nec euismod scelerisque quam turpis adipiscing lorem vitae mattis nibh ligula nec sem.
25,975,3,Fusce congue diam id ornare imperdiet sapien urna pretium nisl ut volutpat sapien arcu sed augue. Aliquam erat volutpat.
26,871,5,Maecenas rhoncus aliquam lacus.
27,544,2,Aenean sit amet justo. Morbi ut odio.
28,244,5,Vestibulum rutrum rutrum neque. Aenean auctor gravida sem.
29,929,2,Donec diam neque vestibulum eget vulputate ut ultrices vel augue.
30,390,4,Donec vitae nisi. Nam ultrices libero non mattis pulvinar nulla pede ullamcorper augue a suscipit nulla elit ac nulla.
31,758,5,Nullam varius. Nulla facilisi.
32,466,1,Integer ac leo. Pellentesque ultrices mattis odio.
33,905,1,Vestibulum ante ipsum primis in faucibus orci luctus et ultrices posuere cubilia Curae; Donec pharetra magna vestibulum aliquet ultrices erat tortor sollicitudin mi sit amet lobortis sapien sapien non mi. Integer ac neque.
34,64,3,Quisque arcu libero rutrum ac lobortis vel dapibus at diam.
35,686,3,Quisque ut erat. Curabitur gravida nisi at nibh.
36,546,1,Vivamus vel nulla eget eros elementum pellentesque.
37,584,1,Nulla tellus. In sagittis dui vel nisl.
38,606,5,Nunc purus.
39,376,4,In blandit ultrices enim. Lorem ipsum dolor sit amet consectetuer adipiscing elit.
40,614,5,Praesent blandit.
41,831,4,In hac habitasse platea dictumst.
42,415,2,Nam congue risus semper porta volutpat quam pede lobortis ligula sit amet eleifend pede libero quis orci.
43,510,5,Vestibulum ante ipsum primis in faucibus orci luctus et ultrices posuere cubilia Curae; Mauris viverra diam vitae quam. Suspendisse potenti.
44,310,4,Quisque ut erat. Curabitur gravida nisi at nibh.
45,255,1,Mauris ullamcorper purus sit amet nulla.
46,570,4,Lorem ipsum dolor sit amet consectetuer adipiscing elit.
47,679,2,Phasellus sit amet erat.
48,70,4,In sagittis dui vel nisl.
49,978,3,Integer aliquet massa id lobortis convallis tortor risus dapibus augue vel accumsan tellus nisi eu orci.
50,751,5,Etiam pretium iaculis justo.
51,554,1,Curabitur in libero ut massa volutpat convallis. Morbi odio odio elementum eu interdum eu tincidunt in leo.
52,460,3,Vestibulum sed magna at nunc commodo placerat. Praesent blandit.
53,859,2,In congue.
54,470,2,Pellentesque eget nunc.
55,243,5,Nunc rhoncus dui vel sem.
56,108,1,Quisque porta volutpat erat. Quisque erat eros viverra eget congue eget semper rutrum nulla.
57,469,4,Fusce consequat. Nulla nisl.
58,882,1,Maecenas rhoncus aliquam lacus. Morbi quis tortor id nulla ultrices aliquet.
59,948,5,Sed sagittis.
60,974,1,Vivamus metus arcu adipiscing molestie hendrerit at vulputate vitae nisl. Aenean lectus.
61,882,2,Morbi a ipsum.
62,123,1,Donec dapibus.
63,804,1,Suspendisse potenti.
64,237,4,Nam nulla. Integer pede justo lacinia eget tincidunt eget tempus vel pede.
65,943,5,Proin at turpis a pede posuere nonummy.
66,551,4,Mauris lacinia sapien quis libero.
67,550,1,Duis at velit eu est congue elementum. In hac habitasse platea dictumst.
68,482,5,Donec quis orci eget orci vehicula condimentum.
69,171,2,Nunc purus.
70,749,2,Fusce consequat. Nulla nisl.
71,747,2,Suspendisse potenti. Nullam porttitor lacus at turpis.
72,92,3,Pellentesque viverra pede ac diam. Cras pellentesque volutpat dui.
73,799,2,Pellentesque ultrices mattis odio. Donec vitae nisi.
74,227,2,Nullam molestie nibh in lectus. Pellentesque at nulla.
75,72,2,Pellentesque eget nunc. Donec quis orci eget orci vehicula condimentum.
76,749,5,Suspendisse potenti.
77,497,4,Duis bibendum. Morbi non quam nec dui luctus rutrum.
78,942,1,Nam ultrices libero non mattis pulvinar nulla pede ullamcorper augue a suscipit nulla elit ac nulla.
79,428,1,Nulla neque libero convallis eget eleifend luctus ultricies eu nibh. Quisque id justo sit amet sapien dignissim vestibulum.
80,623,1,Lorem ipsum dolor sit amet consectetuer adipiscing elit. Proin interdum mauris non ligula pellentesque ultrices.
81,955,1,Duis aliquam convallis nunc. Proin at turpis a pede posuere nonummy.
82,592,3,Quisque ut erat.
83,35,5,Curabitur gravida nisi at nibh.
84,919,5,Integer pede justo lacinia eget tincidunt eget tempus vel pede. Morbi porttitor lorem id ligula.
85,840,1,Nullam molestie nibh in lectus. Pellentesque at nulla.
86,937,1,Proin leo odio porttitor id consequat in consequat ut nulla. Sed accumsan felis.
87,914,3,Aliquam quis turpis eget elit sodales scelerisque. Mauris sit amet eros.
88,556,2,Aliquam quis turpis eget elit sodales scelerisque. Mauris sit amet eros.
89,601,2,Vivamus tortor.
90,632,1,Vivamus tortor. Duis mattis egestas metus.
91,455,3,Nullam varius.
92,182,4,Aenean fermentum.
93,114,1,Curabitur at ipsum ac tellus semper interdum.
94,317,3,Integer ac leo. Pellentesque ultrices mattis odio.
95,253,3,Cum sociis natoque penatibus et magnis dis parturient montes nascetur ridiculus mus.
96,920,5,Praesent blandit lacinia erat. Vestibulum sed magna at nunc commodo placerat.
97,666,4,Duis consequat dui nec nisi volutpat eleifend. Donec ut dolor.
98,8,4,Nullam sit amet turpis elementum ligula vehicula consequat.
99,817,3,Quisque arcu libero rutrum ac lobortis vel dapibus at diam. Nam tristique tortor eu pede.
100,663,3,Vivamus tortor. Duis mattis egestas metus.
101,379,5,Maecenas tincidunt lacus at velit.
102,748,3,Vestibulum ac est lacinia nisi venenatis tristique.
103,39,5,Curabitur at ipsum ac tellus semper interdum.
104,212,1,Morbi a ipsum. Integer a nibh.
105,946,5,Morbi vel lectus in quam fringilla rhoncus.
106,454,3,Nulla ut erat id mauris vulputate elementum.
107,397,2,Nulla facilisi.
108,741,4,Morbi porttitor lorem id ligula.
109,557,3,Sed vel enim sit amet nunc viverra dapibus. Nulla suscipit ligula in lacus.
110,546,5,Nam congue risus semper porta volutpat quam pede lobortis ligula sit amet eleifend pede libero quis orci.
111,947,4,Duis aliquam convallis nunc.
112,658,5,Curabitur in libero ut massa volutpat convallis.
113,641,1,Nulla ut erat id mauris vulputate elementum. Nullam varius.
114,180,2,Integer non velit. Donec diam neque vestibulum eget vulputate ut ultrices vel augue.
115,919,2,In congue.
116,808,5,Integer pede justo lacinia eget tincidunt eget tempus vel pede. Morbi porttitor lorem id ligula.
117,703,1,Morbi sem mauris laoreet ut rhoncus aliquet pulvinar sed nisl.
118,389,1,Fusce posuere felis sed lacus.
119,392,2,Integer a nibh. In quis justo.
120,214,5,Nunc purus.
121,11,4,Cras mi pede malesuada in imperdiet et commodo vulputate justo. In blandit ultrices enim.
122,559,4,Morbi non lectus. Aliquam sit amet diam in magna bibendum imperdiet.
123,188,2,Nullam orci pede venenatis non sodales sed tincidunt eu felis.
124,630,2,In congue.
125,63,3,Morbi vel lectus in quam fringilla rhoncus.
126,123,5,Etiam faucibus cursus urna. Ut tellus.
127,621,5,Donec ut dolor. Morbi vel lectus in quam fringilla rhoncus.
128,680,2,Vivamus vel nulla eget eros elementum pellentesque.
129,891,5,Nullam sit amet turpis elementum ligula vehicula consequat.
130,906,2,Vivamus tortor. Duis mattis egestas metus.
131,193,2,Nulla suscipit ligula in lacus.
132,635,3,Mauris lacinia sapien quis libero.
133,822,3,Vestibulum ante ipsum primis in faucibus orci luctus et ultrices posuere cubilia Curae; Mauris viverra diam vitae quam.
134,350,2,In quis justo. Maecenas rhoncus aliquam lacus.
135,335,2,Nulla neque libero convallis eget eleifend luctus ultricies eu nibh. Quisque id justo sit amet sapien dignissim vestibulum.
136,197,2,Etiam faucibus cursus urna. Ut tellus.
137,717,2,Quisque ut erat.
138,284,4,Pellentesque eget nunc. Donec quis orci eget orci vehicula condimentum.
139,89,5,Vivamus tortor.
140,32,5,Integer tincidunt ante vel ipsum. Praesent blandit lacinia erat.
141,226,1,Nulla justo. Aliquam quis turpis eget elit sodales scelerisque.
142,272,3,Phasellus id sapien in sapien iaculis congue. Vivamus metus arcu adipiscing molestie hendrerit at vulputate vitae nisl.
143,460,5,In eleifend quam a odio.
144,643,1,Nam ultrices libero non mattis pulvinar nulla pede ullamcorper augue a suscipit nulla elit ac nulla. Sed vel enim sit amet nunc viverra dapibus.
145,622,4,Morbi non lectus. Aliquam sit amet diam in magna bibendum imperdiet.
146,520,1,Morbi non quam nec dui luctus rutrum. Nulla tellus.
147,257,1,Nunc purus.
148,326,1,Morbi non quam nec dui luctus rutrum.
149,118,5,In hac habitasse platea dictumst. Aliquam augue quam sollicitudin vitae consectetuer eget rutrum at lorem.
150,451,3,Mauris ullamcorper purus sit amet nulla.
151,587,2,Nulla neque libero convallis eget eleifend luctus ultricies eu nibh.
152,597,5,Praesent blandit.
153,322,1,Lorem ipsum dolor sit amet consectetuer adipiscing elit. Proin risus.
154,482,2,Praesent blandit lacinia erat.
155,241,4,Fusce lacus purus aliquet at feugiat non pretium quis lectus. Suspendisse potenti.
156,18,2,In hac habitasse platea dictumst.
157,77,3,Duis mattis egestas metus.
158,731,3,Maecenas tincidunt lacus at velit.
159,195,4,Maecenas ut massa quis augue luctus tincidunt.
160,496,1,Vestibulum quam sapien varius ut blandit non interdum in ante. Vestibulum ante ipsum primis in faucibus orci luctus et ultrices posuere cubilia Curae; Duis faucibus accumsan odio.
161,732,4,Mauris lacinia sapien quis libero.
162,809,5,Pellentesque eget nunc.
163,667,4,Aenean fermentum. Donec ut mauris eget massa tempor convallis.
164,323,1,Fusce consequat. Nulla nisl.
165,667,4,Ut at dolor quis odio consequat varius. Integer ac leo.
166,897,4,Donec odio justo sollicitudin ut suscipit a feugiat et eros. Vestibulum ac est lacinia nisi venenatis tristique.
167,858,5,Nullam sit amet turpis elementum ligula vehicula consequat. Morbi a ipsum.
168,982,4,Mauris ullamcorper purus sit amet nulla.
169,39,2,Morbi non quam nec dui luctus rutrum. Nulla tellus.
170,744,2,Nam nulla. Integer pede justo lacinia eget tincidunt eget tempus vel pede.
171,743,1,Nam congue risus semper porta volutpat quam pede lobortis ligula sit amet eleifend pede libero quis orci. Nullam molestie nibh in lectus.
172,495,5,Nullam sit amet turpis elementum ligula vehicula consequat. Morbi a ipsum.
173,181,3,Vivamus vestibulum sagittis sapien. Cum sociis natoque penatibus et magnis dis parturient montes nascetur ridiculus mus.
174,829,5,In hac habitasse platea dictumst.
175,386,5,In congue.
176,738,4,Duis consequat dui nec nisi volutpat eleifend. Donec ut dolor.
177,418,5,Quisque erat eros viverra eget congue eget semper rutrum nulla.
178,847,5,Etiam justo.
179,624,3,Proin at turpis a pede posuere nonummy. Integer non velit.
180,316,1,Nam tristique tortor eu pede.
181,57,2,Aliquam sit amet diam in magna bibendum imperdiet. Nullam orci pede venenatis non sodales sed tincidunt eu felis.
182,57,3,Morbi non lectus.
183,547,4,Phasellus id sapien in sapien iaculis congue. Vivamus metus arcu adipiscing molestie hendrerit at vulputate vitae nisl.
184,761,5,Nullam porttitor lacus at turpis. Donec posuere metus vitae ipsum.
185,989,4,Suspendisse potenti. Nullam porttitor lacus at turpis.
186,529,3,Nulla neque libero convallis eget eleifend luctus ultricies eu nibh.
187,120,4,Quisque id justo sit amet sapien dignissim vestibulum.
188,474,3,Nulla tempus. Vivamus in felis eu sapien cursus vestibulum.
189,346,1,Donec quis orci eget orci vehicula condimentum.
190,769,1,Vestibulum ante ipsum primis in faucibus orci luctus et ultrices posuere cubilia Curae; Donec pharetra magna vestibulum aliquet ultrices erat tortor sollicitudin mi sit amet lobortis sapien sapien non mi. Integer ac neque.
191,600,2,Nullam porttitor lacus at turpis. Donec posuere metus vitae ipsum.
192,674,3,Duis consequat dui nec nisi volutpat eleifend.
193,697,4,Morbi non quam nec dui luctus rutrum.
194,208,1,Aenean sit amet justo. Morbi ut odio.
195,727,5,Nunc purus.
196,932,1,Sed ante.
197,369,2,Duis consequat dui nec nisi volutpat eleifend.
198,987,4,Pellentesque ultrices mattis odio. Donec vitae nisi.
199,995,1,Vivamus metus arcu adipiscing molestie hendrerit at vulputate vitae nisl. Aenean lectus.
200,670,3,Donec ut mauris eget massa tempor convallis.
201,772,3,Duis at velit eu est congue elementum. In hac habitasse platea dictumst.
202,646,4,Ut at dolor quis odio consequat varius.
203,594,4,Maecenas tincidunt lacus at velit.
204,721,4,Mauris enim leo rhoncus sed vestibulum sit amet cursus id turpis. Integer aliquet massa id lobortis convallis tortor risus dapibus augue vel accumsan tellus nisi eu orci.
205,226,5,Nullam orci pede venenatis non sodales sed tincidunt eu felis.
206,793,1,Maecenas rhoncus aliquam lacus. Morbi quis tortor id nulla ultrices aliquet.
207,677,3,Curabitur convallis. Duis consequat dui nec nisi volutpat eleifend.
208,5,4,Nulla facilisi.
209,817,4,Nunc purus.
210,120,4,Donec semper sapien a libero.
211,56,1,Donec posuere metus vitae ipsum. Aliquam non mauris.
212,431,4,Nulla mollis molestie lorem. Quisque ut erat.
213,468,5,Proin leo odio porttitor id consequat in consequat ut nulla. Sed accumsan felis.
214,131,4,Morbi non lectus. Aliquam sit amet diam in magna bibendum imperdiet.
215,335,5,Nulla tempus. Vivamus in felis eu sapien cursus vestibulum.
216,997,3,Morbi odio odio elementum eu interdum eu tincidunt in leo.
217,288,4,Praesent blandit. Nam nulla.
218,768,5,Duis at velit eu est congue elementum. In hac habitasse platea dictumst.
219,282,2,Aliquam non mauris.
220,231,5,Phasellus id sapien in sapien iaculis congue. Vivamus metus arcu adipiscing molestie hendrerit at vulputate vitae nisl.
221,23,1,Nunc nisl. Duis bibendum felis sed interdum venenatis turpis enim blandit mi in porttitor pede justo eu massa.
222,466,5,Suspendisse potenti.
223,913,5,Nulla tempus. Vivamus in felis eu sapien cursus vestibulum.
224,645,5,Etiam justo.
225,104,3,Lorem ipsum dolor sit amet consectetuer adipiscing elit. Proin interdum mauris non ligula pellentesque ultrices.
226,97,5,Etiam justo.
227,397,5,Nullam varius.
228,730,4,Aliquam erat volutpat.
229,545,3,Nam ultrices libero non mattis pulvinar nulla pede ullamcorper augue a suscipit nulla elit ac nulla. Sed vel enim sit amet nunc viverra dapibus.
230,232,2,Fusce consequat. Nulla nisl.
231,92,4,Proin leo odio porttitor id consequat in consequat ut nulla. Sed accumsan felis.
232,531,2,Cum sociis natoque penatibus et magnis dis parturient montes nascetur ridiculus mus.
233,223,4,Mauris ullamcorper purus sit amet nulla. Quisque arcu libero rutrum ac lobortis vel dapibus at diam.
234,101,1,Proin risus.
235,454,2,Aenean sit amet justo.
236,407,3,Donec posuere metus vitae ipsum. Aliquam non mauris.
237,895,2,Nullam molestie nibh in lectus. Pellentesque at nulla.
238,40,4,Morbi non quam nec dui luctus rutrum.
239,533,4,Morbi non quam nec dui luctus rutrum.
240,838,2,Aenean lectus. Pellentesque eget nunc.
241,486,2,Aliquam quis turpis eget elit sodales scelerisque. Mauris sit amet eros.
242,313,2,In tempor turpis nec euismod scelerisque quam turpis adipiscing lorem vitae mattis nibh ligula nec sem.
243,1000,5,Donec ut mauris eget massa tempor convallis.
244,940,5,Donec ut mauris eget massa tempor convallis.
245,246,2,Praesent blandit lacinia erat.
246,718,5,Duis at velit eu est congue elementum.
247,632,1,Fusce posuere felis sed lacus.
248,518,3,Vestibulum ante ipsum primis in faucibus orci luctus et ultrices posuere cubilia Curae; Nulla dapibus dolor vel est.
249,219,4,In eleifend quam a odio. In hac habitasse platea dictumst.
250,536,5,Vivamus vestibulum sagittis sapien.
251,770,1,Aliquam erat volutpat.
252,738,2,Duis consequat dui nec nisi volutpat eleifend. Donec ut dolor.
253,302,2,Praesent blandit.
254,61,1,Nunc purus. Phasellus in felis.
255,211,5,Sed ante.
256,140,5,Praesent blandit lacinia erat. Vestibulum sed magna at nunc commodo placerat.
257,327,3,Nullam sit amet turpis elementum ligula vehicula consequat.
258,730,5,Duis ac nibh.
259,553,5,Quisque ut erat. Curabitur gravida nisi at nibh.
260,140,1,Donec odio justo sollicitudin ut suscipit a feugiat et eros. Vestibulum ac est lacinia nisi venenatis tristique.
261,893,1,Proin eu mi.
262,161,3,Mauris lacinia sapien quis libero.
263,203,3,Vestibulum quam sapien varius ut blandit non interdum in ante.
264,772,3,Nam ultrices libero non mattis pulvinar nulla pede ullamcorper augue a suscipit nulla elit ac nulla.
265,366,1,Cras non velit nec nisi vulputate nonummy. Maecenas tincidunt lacus at velit.
266,491,4,Phasellus id sapien in sapien iaculis congue.
267,913,3,Nam congue risus semper porta volutpat quam pede lobortis ligula sit amet eleifend pede libero quis orci.
268,488,2,Aenean auctor gravida sem. Praesent id massa id nisl venenatis lacinia.
269,52,1,Lorem ipsum dolor sit amet consectetuer adipiscing elit. Proin risus.
270,906,4,In hac habitasse platea dictumst. Maecenas ut massa quis augue luctus tincidunt.
271,586,5,Maecenas tincidunt lacus at velit. Vivamus vel nulla eget eros elementum pellentesque.
272,661,3,Morbi a ipsum.
273,324,1,Quisque ut erat. Curabitur gravida nisi at nibh.
274,222,4,Nam nulla.
275,290,4,Ut tellus.
276,744,5,Suspendisse accumsan tortor quis turpis. Sed ante.
277,124,3,Proin eu mi.
278,787,2,In eleifend quam a odio.
279,397,3,Suspendisse potenti. Cras in purus eu magna vulputate luctus.
280,325,2,Suspendisse ornare consequat lectus.
281,336,4,Cras non velit nec nisi vulputate nonummy. Maecenas tincidunt lacus at velit.
282,446,1,Cras in purus eu magna vulputate luctus.
283,921,4,Aenean fermentum. Donec ut mauris eget massa tempor convallis.
284,6,3,In hac habitasse platea dictumst. Morbi vestibulum velit id pretium iaculis diam erat fermentum justo nec condimentum neque sapien placerat ante.
285,933,3,Vestibulum ante ipsum primis in faucibus orci luctus et ultrices posuere cubilia Curae; Nulla dapibus dolor vel est. Donec odio justo sollicitudin ut suscipit a feugiat et eros.
286,683,5,Nam nulla.
287,767,3,Nulla justo.
288,470,4,Cras pellentesque volutpat dui. Maecenas tristique est et tempus semper est quam pharetra magna ac consequat metus sapien ut nunc.
289,231,3,Suspendisse potenti.
290,523,2,Integer ac neque. Duis bibendum.
291,142,3,Phasellus id sapien in sapien iaculis congue.
292,315,2,Nulla tellus.
293,157,5,Morbi sem mauris laoreet ut rhoncus aliquet pulvinar sed nisl. Nunc rhoncus dui vel sem.
294,974,1,Aliquam quis turpis eget elit sodales scelerisque.
295,148,3,In eleifend quam a odio.
296,950,1,Nulla ut erat id mauris vulputate elementum.
297,674,3,Vivamus metus arcu adipiscing molestie hendrerit at vulputate vitae nisl.
298,190,4,Duis bibendum felis sed interdum venenatis turpis enim blandit mi in porttitor pede justo eu massa. Donec dapibus.
299,899,1,Sed accumsan felis. Ut at dolor quis odio consequat varius.
300,984,5,Cras mi pede malesuada in imperdiet et commodo vulputate justo. In blandit ultrices enim.
301,472,1,Integer pede justo lacinia eget tincidunt eget tempus vel pede.
302,588,4,Duis ac nibh.
303,71,4,Integer a nibh.
304,34,2,Nullam molestie nibh in lectus.
305,479,1,In blandit ultrices enim. Lorem ipsum dolor sit amet consectetuer adipiscing elit.
306,731,4,Mauris sit amet eros.
307,220,3,Quisque ut erat. Curabitur gravida nisi at nibh.
308,36,2,Curabitur at ipsum ac tellus semper interdum. Mauris ullamcorper purus sit amet nulla.
309,318,5,Proin risus. Praesent lectus.
310,503,1,Vestibulum rutrum rutrum neque.
311,394,2,Nunc nisl.
312,682,3,Aliquam augue quam sollicitudin vitae consectetuer eget rutrum at lorem.
313,237,3,Vestibulum quam sapien varius ut blandit non interdum in ante.
314,263,3,Morbi vel lectus in quam fringilla rhoncus. Mauris enim leo rhoncus sed vestibulum sit amet cursus id turpis.
315,562,2,Vivamus vestibulum sagittis sapien. Cum sociis natoque penatibus et magnis dis parturient montes nascetur ridiculus mus.
316,605,3,Vivamus vestibulum sagittis sapien.
317,273,2,Lorem ipsum dolor sit amet consectetuer adipiscing elit.
318,446,1,Fusce congue diam id ornare imperdiet sapien urna pretium nisl ut volutpat sapien arcu sed augue.
319,86,3,Duis mattis egestas metus. Aenean fermentum.
320,58,4,Praesent lectus.
321,151,5,Nullam orci pede venenatis non sodales sed tincidunt eu felis.
322,614,2,Cras pellentesque volutpat dui. Maecenas tristique est et tempus semper est quam pharetra magna ac consequat metus sapien ut nunc.
323,406,4,In hac habitasse platea dictumst. Morbi vestibulum velit id pretium iaculis diam erat fermentum justo nec condimentum neque sapien placerat ante.
324,952,4,Proin eu mi.
325,641,4,Nullam sit amet turpis elementum ligula vehicula consequat.
326,732,5,Nulla facilisi.
327,440,3,Cum sociis natoque penatibus et magnis dis parturient montes nascetur ridiculus mus.
328,723,2,Praesent blandit.
329,192,1,Sed ante.
330,264,1,Morbi porttitor lorem id ligula.
331,500,3,Donec ut mauris eget massa tempor convallis. Nulla neque libero convallis eget eleifend luctus ultricies eu nibh.
332,569,5,In tempor turpis nec euismod scelerisque quam turpis adipiscing lorem vitae mattis nibh ligula nec sem.
333,818,4,Aenean lectus.
334,394,2,Integer tincidunt ante vel ipsum. Praesent blandit lacinia erat.
335,853,5,Morbi vel lectus in quam fringilla rhoncus. Mauris enim leo rhoncus sed vestibulum sit amet cursus id turpis.
336,720,4,Nullam varius.
337,417,4,Phasellus in felis. Donec semper sapien a libero.
338,282,3,In tempor turpis nec euismod scelerisque quam turpis adipiscing lorem vitae mattis nibh ligula nec sem.
339,993,5,Maecenas pulvinar lobortis est.
340,944,4,Phasellus sit amet erat.
341,376,2,Proin interdum mauris non ligula pellentesque ultrices. Phasellus id sapien in sapien iaculis congue.
342,994,4,Phasellus sit amet erat. Nulla tempus.
343,90,4,Morbi ut odio. Cras mi pede malesuada in imperdiet et commodo vulputate justo.
344,794,2,Curabitur convallis. Duis consequat dui nec nisi volutpat eleifend.
345,845,3,Lorem ipsum dolor sit amet consectetuer adipiscing elit. Proin interdum mauris non ligula pellentesque ultrices.
346,254,2,Nam nulla.
347,810,4,Integer aliquet massa id lobortis convallis tortor risus dapibus augue vel accumsan tellus nisi eu orci. Mauris lacinia sapien quis libero.
348,77,3,Cras in purus eu magna vulputate luctus. Cum sociis natoque penatibus et magnis dis parturient montes nascetur ridiculus mus.
349,323,4,Nulla tempus.
350,548,3,Nunc nisl.
351,903,3,Morbi porttitor lorem id ligula.
352,166,3,Duis aliquam convallis nunc. Proin at turpis a pede posuere nonummy.
353,530,4,Vivamus vestibulum sagittis sapien. Cum sociis natoque penatibus et magnis dis parturient montes nascetur ridiculus mus.
354,434,5,Cum sociis natoque penatibus et magnis dis parturient montes nascetur ridiculus mus.
355,91,4,Nulla neque libero convallis eget eleifend luctus ultricies eu nibh. Quisque id justo sit amet sapien dignissim vestibulum.
356,138,1,Vestibulum rutrum rutrum neque. Aenean auctor gravida sem.
357,606,3,Aliquam erat volutpat. In congue.
358,476,2,Phasellus sit amet erat.
359,793,1,Morbi quis tortor id nulla ultrices aliquet. Maecenas leo odio condimentum id luctus nec molestie sed justo.
360,238,3,Nulla facilisi.
361,86,3,Lorem ipsum dolor sit amet consectetuer adipiscing elit.
362,315,5,Ut tellus. Nulla ut erat id mauris vulputate elementum.
363,506,3,Morbi vestibulum velit id pretium iaculis diam erat fermentum justo nec condimentum neque sapien placerat ante.
364,788,3,Lorem ipsum dolor sit amet consectetuer adipiscing elit.
365,978,5,Phasellus sit amet erat.
366,672,2,Nunc rhoncus dui vel sem.
367,473,3,Cras in purus eu magna vulputate luctus. Cum sociis natoque penatibus et magnis dis parturient montes nascetur ridiculus mus.
368,812,5,Suspendisse potenti.
369,672,1,Praesent id massa id nisl venenatis lacinia. Aenean sit amet justo.
370,873,1,Curabitur in libero ut massa volutpat convallis. Morbi odio odio elementum eu interdum eu tincidunt in leo.
371,820,2,Phasellus sit amet erat. Nulla tempus.
372,150,1,Nulla mollis molestie lorem.
373,900,1,Suspendisse potenti. In eleifend quam a odio.
374,12,1,Proin at turpis a pede posuere nonummy.
375,921,3,Duis consequat dui nec nisi volutpat eleifend.
376,908,4,Nam ultrices libero non mattis pulvinar nulla pede ullamcorper augue a suscipit nulla elit ac nulla.
377,166,1,Ut at dolor quis odio consequat varius.
378,597,2,Praesent id massa id nisl venenatis lacinia.
379,808,5,Sed vel enim sit amet nunc viverra dapibus. Nulla suscipit ligula in lacus.
380,666,5,Nulla ac enim.
381,235,1,Donec posuere metus vitae ipsum.
382,11,1,Donec semper sapien a libero. Nam dui.
383,217,4,Suspendisse potenti. In eleifend quam a odio.
384,168,1,Donec quis orci eget orci vehicula condimentum.
385,549,3,Duis ac nibh.
386,344,1,Nulla suscipit ligula in lacus. Curabitur at ipsum ac tellus semper interdum.
387,773,2,Integer ac leo.
388,319,1,Curabitur at ipsum ac tellus semper interdum. Mauris ullamcorper purus sit amet nulla.
389,145,2,Aliquam augue quam sollicitudin vitae consectetuer eget rutrum at lorem.
390,503,5,Suspendisse potenti. Nullam porttitor lacus at turpis.
391,943,5,Suspendisse ornare consequat lectus.
392,609,4,Curabitur gravida nisi at nibh. In hac habitasse platea dictumst.
393,836,5,Aliquam quis turpis eget elit sodales scelerisque. Mauris sit amet eros.
394,653,4,Integer non velit.
395,158,1,Integer tincidunt ante vel ipsum. Praesent blandit lacinia erat.
396,976,3,Curabitur convallis.
397,516,1,Nulla tellus.
398,716,5,Vestibulum ac est lacinia nisi venenatis tristique.
399,856,1,In eleifend quam a odio. In hac habitasse platea dictumst.
400,238,3,Mauris sit amet eros. Suspendisse accumsan tortor quis turpis.
401,627,1,Suspendisse potenti. Cras in purus eu magna vulputate luctus.
402,25,5,In eleifend quam a odio. In hac habitasse platea dictumst.
403,462,2,Mauris ullamcorper purus sit amet nulla.
404,475,3,Morbi odio odio elementum eu interdum eu tincidunt in leo. Maecenas pulvinar lobortis est.
405,919,2,Praesent blandit.
406,424,5,Integer a nibh. In quis justo.
407,919,1,Aliquam erat volutpat.
408,536,1,Aenean lectus.
409,998,4,Donec quis orci eget orci vehicula condimentum. Curabitur in libero ut massa volutpat convallis.
410,56,2,Nam dui. Proin leo odio porttitor id consequat in consequat ut nulla.
411,450,5,Donec diam neque vestibulum eget vulputate ut ultrices vel augue.
412,708,1,Vestibulum ante ipsum primis in faucibus orci luctus et ultrices posuere cubilia Curae; Donec pharetra magna vestibulum aliquet ultrices erat tortor sollicitudin mi sit amet lobortis sapien sapien non mi.
413,281,2,Duis aliquam convallis nunc.
414,378,1,Praesent lectus.
415,664,3,Duis mattis egestas metus.
416,458,3,Nunc purus. Phasellus in felis.
417,275,5,Integer non velit. Donec diam neque vestibulum eget vulputate ut ultrices vel augue.
418,145,2,Suspendisse potenti. In eleifend quam a odio.
419,195,4,Duis aliquam convallis nunc.
420,577,3,Nulla ac enim. In tempor turpis nec euismod scelerisque quam turpis adipiscing lorem vitae mattis nibh ligula nec sem.
421,468,4,Donec vitae nisi. Nam ultrices libero non mattis pulvinar nulla pede ullamcorper augue a suscipit nulla elit ac nulla.
422,237,3,Pellentesque at nulla.
423,979,1,Quisque erat eros viverra eget congue eget semper rutrum nulla. Nunc purus.
424,438,4,Nam nulla. Integer pede justo lacinia eget tincidunt eget tempus vel pede.
425,72,3,Ut tellus.
426,341,3,Duis bibendum.
427,853,3,Donec semper sapien a libero. Nam dui.
428,608,4,Vivamus vel nulla eget eros elementum pellentesque. Quisque porta volutpat erat.
429,552,4,Proin at turpis a pede posuere nonummy. Integer non velit.
430,979,3,Suspendisse potenti. Nullam porttitor lacus at turpis.
431,421,2,Aliquam sit amet diam in magna bibendum imperdiet. Nullam orci pede venenatis non sodales sed tincidunt eu felis.
432,953,1,Nulla ac enim.
433,722,2,Donec odio justo sollicitudin ut suscipit a feugiat et eros. Vestibulum ac est lacinia nisi venenatis tristique.
434,717,5,Duis aliquam convallis nunc. Proin at turpis a pede posuere nonummy.
435,776,3,Nulla ut erat id mauris vulputate elementum. Nullam varius.
436,493,4,Donec odio justo sollicitudin ut suscipit a feugiat et eros. Vestibulum ac est lacinia nisi venenatis tristique.
437,790,1,Mauris lacinia sapien quis libero.
438,463,3,Nam congue risus semper porta volutpat quam pede lobortis ligula sit amet eleifend pede libero quis orci. Nullam molestie nibh in lectus.
439,791,3,Proin risus.
440,485,4,Morbi odio odio elementum eu interdum eu tincidunt in leo. Maecenas pulvinar lobortis est.
441,988,2,Duis mattis egestas metus. Aenean fermentum.
442,607,2,In eleifend quam a odio. In hac habitasse platea dictumst.
443,724,2,Quisque erat eros viverra eget congue eget semper rutrum nulla.
444,104,2,Morbi porttitor lorem id ligula. Suspendisse ornare consequat lectus.
445,767,4,Nulla suscipit ligula in lacus. Curabitur at ipsum ac tellus semper interdum.
446,70,3,In hac habitasse platea dictumst.
447,971,3,Curabitur in libero ut massa volutpat convallis.
448,486,4,Vestibulum ante ipsum primis in faucibus orci luctus et ultrices posuere cubilia Curae; Nulla dapibus dolor vel est.
449,491,1,Proin at turpis a pede posuere nonummy.
450,491,4,Cum sociis natoque penatibus et magnis dis parturient montes nascetur ridiculus mus.
451,861,2,Cras pellentesque volutpat dui. Maecenas tristique est et tempus semper est quam pharetra magna ac consequat metus sapien ut nunc.
452,222,5,Suspendisse potenti.
453,170,3,Morbi porttitor lorem id ligula.
454,537,4,Duis at velit eu est congue elementum.
455,201,5,Integer aliquet massa id lobortis convallis tortor risus dapibus augue vel accumsan tellus nisi eu orci. Mauris lacinia sapien quis libero.
456,123,3,Phasellus in felis. Donec semper sapien a libero.
457,250,4,Integer a nibh.
458,121,4,Nulla ac enim. In tempor turpis nec euismod scelerisque quam turpis adipiscing lorem vitae mattis nibh ligula nec sem.
459,168,1,Morbi odio odio elementum eu interdum eu tincidunt in leo.
460,344,5,Proin eu mi. Nulla ac enim.
461,962,5,Donec diam neque vestibulum eget vulputate ut ultrices vel augue. Vestibulum ante ipsum primis in faucibus orci luctus et ultrices posuere cubilia Curae; Donec pharetra magna vestibulum aliquet ultrices erat tortor sollicitudin mi sit amet lobortis sapien sapien non mi.
462,392,1,Maecenas tristique est et tempus semper est quam pharetra magna ac consequat metus sapien ut nunc.
463,953,1,Nullam orci pede venenatis non sodales sed tincidunt eu felis.
464,793,5,In hac habitasse platea dictumst.
465,622,2,Nunc purus.
466,593,1,Duis mattis egestas metus.
467,373,1,Praesent blandit.
468,136,4,Fusce congue diam id ornare imperdiet sapien urna pretium nisl ut volutpat sapien arcu sed augue.
469,77,5,Integer ac leo. Pellentesque ultrices mattis odio.
470,22,1,Praesent blandit. Nam nulla.
471,16,2,Etiam faucibus cursus urna. Ut tellus.
472,591,3,Quisque ut erat. Curabitur gravida nisi at nibh.
473,310,3,Donec ut mauris eget massa tempor convallis. Nulla neque libero convallis eget eleifend luctus ultricies eu nibh.
474,654,1,Duis bibendum felis sed interdum venenatis turpis enim blandit mi in porttitor pede justo eu massa. Donec dapibus.
475,69,3,In blandit ultrices enim.
476,74,4,Vestibulum ante ipsum primis in faucibus orci luctus et ultrices posuere cubilia Curae; Nulla dapibus dolor vel est. Donec odio justo sollicitudin ut suscipit a feugiat et eros.
477,755,5,Cras pellentesque volutpat dui. Maecenas tristique est et tempus semper est quam pharetra magna ac consequat metus sapien ut nunc.
478,519,5,Duis ac nibh. Fusce lacus purus aliquet at feugiat non pretium quis lectus.
479,76,1,Sed vel enim sit amet nunc viverra dapibus. Nulla suscipit ligula in lacus.
480,360,4,Nulla neque libero convallis eget eleifend luctus ultricies eu nibh. Quisque id justo sit amet sapien dignissim vestibulum.
481,673,4,Aenean fermentum.
482,3,3,Nam dui. Proin leo odio porttitor id consequat in consequat ut nulla.
483,743,4,Nulla tellus. In sagittis dui vel nisl.
484,227,1,Lorem ipsum dolor sit amet consectetuer adipiscing elit. Proin risus.
485,858,3,Proin leo odio porttitor id consequat in consequat ut nulla.
486,202,4,Suspendisse potenti. In eleifend quam a odio.
487,185,3,Etiam pretium iaculis justo.
488,446,5,Donec odio justo sollicitudin ut suscipit a feugiat et eros.
489,734,2,Ut tellus.
490,762,5,Maecenas pulvinar lobortis est.
491,8,1,Nam dui. Proin leo odio porttitor id consequat in consequat ut nulla.
492,169,4,Integer ac leo.
493,933,5,Quisque ut erat. Curabitur gravida nisi at nibh.
494,217,1,Curabitur at ipsum ac tellus semper interdum. Mauris ullamcorper purus sit amet nulla.
495,455,4,Morbi odio odio elementum eu interdum eu tincidunt in leo.
496,344,3,Lorem ipsum dolor sit amet consectetuer adipiscing elit. Proin interdum mauris non ligula pellentesque ultrices.
497,214,1,Proin at turpis a pede posuere nonummy.
498,287,5,Etiam justo. Etiam pretium iaculis justo.
499,551,2,Suspendisse potenti. In eleifend quam a odio.
500,332,1,Nulla facilisi. Cras non velit nec nisi vulputate nonummy.
501,319,5,Nulla ac enim. In tempor turpis nec euismod scelerisque quam turpis adipiscing lorem vitae mattis nibh ligula nec sem.
502,418,1,Proin leo odio porttitor id consequat in consequat ut nulla. Sed accumsan felis.
503,383,2,Praesent blandit lacinia erat. Vestibulum sed magna at nunc commodo placerat.
504,876,5,Nunc rhoncus dui vel sem.
505,757,1,Curabitur at ipsum ac tellus semper interdum.
506,757,5,In tempor turpis nec euismod scelerisque quam turpis adipiscing lorem vitae mattis nibh ligula nec sem.
507,517,3,Nulla mollis molestie lorem.
508,468,1,In blandit ultrices enim. Lorem ipsum dolor sit amet consectetuer adipiscing elit.
509,864,1,Vestibulum ac est lacinia nisi venenatis tristique.
510,441,2,Morbi vestibulum velit id pretium iaculis diam erat fermentum justo nec condimentum neque sapien placerat ante. Nulla justo.
511,921,1,Proin risus. Praesent lectus.
512,818,2,Nulla facilisi.
513,960,5,Etiam pretium iaculis justo.
514,532,2,Duis at velit eu est congue elementum. In hac habitasse platea dictumst.
515,10,2,Etiam vel augue.
516,110,4,Donec semper sapien a libero.
517,566,2,Donec posuere metus vitae ipsum.
518,531,2,Pellentesque ultrices mattis odio.
519,965,5,Maecenas ut massa quis augue luctus tincidunt. Nulla mollis molestie lorem.
520,206,5,Sed ante. Vivamus tortor.
521,627,3,Sed accumsan felis. Ut at dolor quis odio consequat varius.
522,900,3,Proin risus. Praesent lectus.
523,660,5,Integer pede justo lacinia eget tincidunt eget tempus vel pede.
524,657,2,Nulla tempus. Vivamus in felis eu sapien cursus vestibulum.
525,775,2,Integer a nibh. In quis justo.
526,775,3,Cras non velit nec nisi vulputate nonummy. Maecenas tincidunt lacus at velit.
527,768,1,In hac habitasse platea dictumst.
528,69,3,Suspendisse potenti.
529,977,2,Duis consequat dui nec nisi volutpat eleifend. Donec ut dolor.
530,329,1,Duis consequat dui nec nisi volutpat eleifend. Donec ut dolor.
531,277,4,In hac habitasse platea dictumst.
532,750,2,Pellentesque eget nunc.
533,950,5,Ut tellus. Nulla ut erat id mauris vulputate elementum.
534,948,3,Donec dapibus.
535,872,4,Maecenas tristique est et tempus semper est quam pharetra magna ac consequat metus sapien ut nunc.
536,946,3,Donec semper sapien a libero.
537,895,2,Donec dapibus. Duis at velit eu est congue elementum.
538,127,1,Nullam varius. Nulla facilisi.
539,972,3,Donec posuere metus vitae ipsum. Aliquam non mauris.
540,947,3,Pellentesque eget nunc. Donec quis orci eget orci vehicula condimentum.
541,789,4,Morbi ut odio.
542,382,1,Praesent lectus.
543,321,3,Etiam faucibus cursus urna.
544,570,5,Morbi porttitor lorem id ligula.
545,863,4,Duis aliquam convallis nunc.
546,77,3,Mauris enim leo rhoncus sed vestibulum sit amet cursus id turpis.
547,723,4,Donec ut dolor. Morbi vel lectus in quam fringilla rhoncus.
548,517,4,In eleifend quam a odio. In hac habitasse platea dictumst.
549,273,1,Maecenas pulvinar lobortis est.
550,94,3,Duis consequat dui nec nisi volutpat eleifend. Donec ut dolor.
551,396,4,Pellentesque ultrices mattis odio.
552,820,2,Duis bibendum felis sed interdum venenatis turpis enim blandit mi in porttitor pede justo eu massa. Donec dapibus.
553,262,1,Vivamus vestibulum sagittis sapien. Cum sociis natoque penatibus et magnis dis parturient montes nascetur ridiculus mus.
554,484,2,Integer aliquet massa id lobortis convallis tortor risus dapibus augue vel accumsan tellus nisi eu orci. Mauris lacinia sapien quis libero.
555,757,2,In hac habitasse platea dictumst. Maecenas ut massa quis augue luctus tincidunt.
556,895,2,Donec dapibus. Duis at velit eu est congue elementum.
557,857,1,Pellentesque at nulla. Suspendisse potenti.
558,177,4,Maecenas pulvinar lobortis est. Phasellus sit amet erat.
559,731,5,Vestibulum sed magna at nunc commodo placerat. Praesent blandit.
560,67,3,Nam tristique tortor eu pede.
561,977,4,Integer ac leo. Pellentesque ultrices mattis odio.
562,653,4,Morbi odio odio elementum eu interdum eu tincidunt in leo.
563,89,2,Nulla neque libero convallis eget eleifend luctus ultricies eu nibh. Quisque id justo sit amet sapien dignissim vestibulum.
564,548,4,Pellentesque eget nunc. Donec quis orci eget orci vehicula condimentum.
565,343,1,Mauris enim leo rhoncus sed vestibulum sit amet cursus id turpis.
566,749,2,Nullam porttitor lacus at turpis. Donec posuere metus vitae ipsum.
567,533,4,Sed ante.
568,30,5,Vestibulum ac est lacinia nisi venenatis tristique. Fusce congue diam id ornare imperdiet sapien urna pretium nisl ut volutpat sapien arcu sed augue.
569,782,4,In eleifend quam a odio. In hac habitasse platea dictumst.
570,864,1,Mauris sit amet eros. Suspendisse accumsan tortor quis turpis.
571,873,1,Fusce consequat.
572,737,3,Praesent id massa id nisl venenatis lacinia.
573,915,1,Donec semper sapien a libero.
574,845,2,Duis bibendum. Morbi non quam nec dui luctus rutrum.
575,369,4,Maecenas pulvinar lobortis est. Phasellus sit amet erat.
576,737,3,Vivamus in felis eu sapien cursus vestibulum.
577,522,3,Donec odio justo sollicitudin ut suscipit a feugiat et eros. Vestibulum ac est lacinia nisi venenatis tristique.
578,561,2,Vestibulum quam sapien varius ut blandit non interdum in ante. Vestibulum ante ipsum primis in faucibus orci luctus et ultrices posuere cubilia Curae; Duis faucibus accumsan odio.
579,251,3,In hac habitasse platea dictumst.
580,504,5,Vestibulum ac est lacinia nisi venenatis tristique.
581,691,4,Phasellus sit amet erat. Nulla tempus.
582,891,5,Duis aliquam convallis nunc. Proin at turpis a pede posuere nonummy.
583,744,1,Quisque arcu libero rutrum ac lobortis vel dapibus at diam. Nam tristique tortor eu pede.
584,950,5,Maecenas rhoncus aliquam lacus.
585,477,5,Fusce posuere felis sed lacus. Morbi sem mauris laoreet ut rhoncus aliquet pulvinar sed nisl.
586,855,2,Vestibulum ante ipsum primis in faucibus orci luctus et ultrices posuere cubilia Curae; Donec pharetra magna vestibulum aliquet ultrices erat tortor sollicitudin mi sit amet lobortis sapien sapien non mi. Integer ac neque.
587,545,3,Integer ac neque.
588,432,2,Duis aliquam convallis nunc. Proin at turpis a pede posuere nonummy.
589,443,1,Cras pellentesque volutpat dui.
590,105,2,Aenean lectus. Pellentesque eget nunc.
591,946,5,Nulla tempus.
592,551,3,Mauris sit amet eros.
593,413,3,Proin risus. Praesent lectus.
594,781,3,Aenean lectus. Pellentesque eget nunc.
595,355,1,Nulla justo.
596,723,2,Nullam varius. Nulla facilisi.
597,140,1,Cras non velit nec nisi vulputate nonummy.
598,513,4,Vivamus metus arcu adipiscing molestie hendrerit at vulputate vitae nisl. Aenean lectus.
599,423,1,Nunc rhoncus dui vel sem.
600,617,2,Etiam pretium iaculis justo. In hac habitasse platea dictumst.
601,686,1,Nulla facilisi.
602,784,4,In hac habitasse platea dictumst. Morbi vestibulum velit id pretium iaculis diam erat fermentum justo nec condimentum neque sapien placerat ante.
603,451,1,Donec ut mauris eget massa tempor convallis.
604,95,3,Duis aliquam convallis nunc.
605,762,1,In hac habitasse platea dictumst.
606,680,5,Donec diam neque vestibulum eget vulputate ut ultrices vel augue. Vestibulum ante ipsum primis in faucibus orci luctus et ultrices posuere cubilia Curae; Donec pharetra magna vestibulum aliquet ultrices erat tortor sollicitudin mi sit amet lobortis sapien sapien non mi.
607,99,4,Etiam pretium iaculis justo.
608,368,5,Maecenas rhoncus aliquam lacus. Morbi quis tortor id nulla ultrices aliquet.
609,508,1,In quis justo. Maecenas rhoncus aliquam lacus.
610,56,2,Nulla ut erat id mauris vulputate elementum. Nullam varius.
611,331,5,In tempor turpis nec euismod scelerisque quam turpis adipiscing lorem vitae mattis nibh ligula nec sem. Duis aliquam convallis nunc.
612,740,3,Donec ut mauris eget massa tempor convallis.
613,880,1,Pellentesque viverra pede ac diam.
614,523,5,Sed accumsan felis. Ut at dolor quis odio consequat varius.
615,43,5,Cras in purus eu magna vulputate luctus. Cum sociis natoque penatibus et magnis dis parturient montes nascetur ridiculus mus.
616,760,5,Ut at dolor quis odio consequat varius.
617,434,1,Vestibulum sed magna at nunc commodo placerat. Praesent blandit.
618,535,4,Proin leo odio porttitor id consequat in consequat ut nulla. Sed accumsan felis.
619,651,4,Sed accumsan felis. Ut at dolor quis odio consequat varius.
620,202,5,Nulla facilisi. Cras non velit nec nisi vulputate nonummy.
621,112,2,Nullam porttitor lacus at turpis. Donec posuere metus vitae ipsum.
622,558,4,Curabitur convallis.
623,804,2,Nulla nisl.
624,890,1,Aenean fermentum. Donec ut mauris eget massa tempor convallis.
625,951,3,Duis at velit eu est congue elementum. In hac habitasse platea dictumst.
626,842,2,Nulla mollis molestie lorem. Quisque ut erat.
627,6,4,Quisque ut erat. Curabitur gravida nisi at nibh.
628,973,1,Integer pede justo lacinia eget tincidunt eget tempus vel pede.
629,218,4,Sed accumsan felis. Ut at dolor quis odio consequat varius.
630,636,5,Etiam justo.
631,688,2,Sed ante. Vivamus tortor.
632,677,4,Nulla ac enim. In tempor turpis nec euismod scelerisque quam turpis adipiscing lorem vitae mattis nibh ligula nec sem.
633,293,4,Quisque id justo sit amet sapien dignissim vestibulum.
634,711,3,Phasellus sit amet erat.
635,909,5,Sed accumsan felis.
636,770,5,Vivamus vestibulum sagittis sapien. Cum sociis natoque penatibus et magnis dis parturient montes nascetur ridiculus mus.
637,774,4,Proin eu mi. Nulla ac enim.
638,236,3,Donec vitae nisi. Nam ultrices libero non mattis pulvinar nulla pede ullamcorper augue a suscipit nulla elit ac nulla.
639,494,4,Duis mattis egestas metus. Aenean fermentum.
640,384,5,Pellentesque eget nunc.
641,402,4,Etiam faucibus cursus urna. Ut tellus.
642,125,5,Phasellus sit amet erat.
643,918,3,Nulla ut erat id mauris vulputate elementum. Nullam varius.
644,891,1,Etiam faucibus cursus urna. Ut tellus.
645,969,3,Aliquam quis turpis eget elit sodales scelerisque.
646,167,4,Nulla ut erat id mauris vulputate elementum. Nullam varius.
647,723,4,Quisque porta volutpat erat. Quisque erat eros viverra eget congue eget semper rutrum nulla.
648,238,4,Nulla mollis molestie lorem.
649,406,1,Morbi vestibulum velit id pretium iaculis diam erat fermentum justo nec condimentum neque sapien placerat ante. Nulla justo.
650,249,1,Nullam orci pede venenatis non sodales sed tincidunt eu felis.
651,878,2,Donec semper sapien a libero.
652,210,3,Phasellus id sapien in sapien iaculis congue.
653,179,5,Donec vitae nisi.
654,936,5,Nam ultrices libero non mattis pulvinar nulla pede ullamcorper augue a suscipit nulla elit ac nulla.
655,285,2,Duis aliquam convallis nunc.
656,21,3,Morbi quis tortor id nulla ultrices aliquet.
657,840,5,Curabitur gravida nisi at nibh. In hac habitasse platea dictumst.
658,364,4,Nam ultrices libero non mattis pulvinar nulla pede ullamcorper augue a suscipit nulla elit ac nulla.
659,678,3,Integer non velit.
660,856,3,Quisque erat eros viverra eget congue eget semper rutrum nulla. Nunc purus.
661,195,4,Nulla mollis molestie lorem. Quisque ut erat.
662,652,5,Pellentesque at nulla.
663,875,4,Nullam porttitor lacus at turpis. Donec posuere metus vitae ipsum.
664,351,5,Curabitur in libero ut massa volutpat convallis.
665,74,5,Aliquam erat volutpat. In congue.
666,727,4,Suspendisse ornare consequat lectus.
667,238,5,Aenean sit amet justo.
668,140,2,Fusce lacus purus aliquet at feugiat non pretium quis lectus. Suspendisse potenti.
669,299,5,In est risus auctor sed tristique in tempus sit amet sem.
670,994,4,Aenean lectus. Pellentesque eget nunc.
671,238,2,Cras in purus eu magna vulputate luctus. Cum sociis natoque penatibus et magnis dis parturient montes nascetur ridiculus mus.
672,638,1,Nam nulla.
673,970,2,Morbi porttitor lorem id ligula. Suspendisse ornare consequat lectus.
674,383,2,Pellentesque ultrices mattis odio.
675,587,3,Vestibulum quam sapien varius ut blandit non interdum in ante. Vestibulum ante ipsum primis in faucibus orci luctus et ultrices posuere cubilia Curae; Duis faucibus accumsan odio.
676,273,4,Aliquam non mauris.
677,573,4,Aenean lectus. Pellentesque eget nunc.
678,144,5,Cras in purus eu magna vulputate luctus. Cum sociis natoque penatibus et magnis dis parturient montes nascetur ridiculus mus.
679,558,1,Quisque erat eros viverra eget congue eget semper rutrum nulla. Nunc purus.
680,168,5,Vivamus vestibulum sagittis sapien.
681,882,5,Aliquam sit amet diam in magna bibendum imperdiet.
682,29,5,Nulla ac enim. In tempor turpis nec euismod scelerisque quam turpis adipiscing lorem vitae mattis nibh ligula nec sem.
683,457,5,Fusce lacus purus aliquet at feugiat non pretium quis lectus.
684,99,1,Vestibulum ante ipsum primis in faucibus orci luctus et ultrices posuere cubilia Curae; Donec pharetra magna vestibulum aliquet ultrices erat tortor sollicitudin mi sit amet lobortis sapien sapien non mi.
685,909,4,Curabitur at ipsum ac tellus semper interdum. Mauris ullamcorper purus sit amet nulla.
686,254,1,Sed sagittis. Nam congue risus semper porta volutpat quam pede lobortis ligula sit amet eleifend pede libero quis orci.
687,570,3,In hac habitasse platea dictumst. Morbi vestibulum velit id pretium iaculis diam erat fermentum justo nec condimentum neque sapien placerat ante.
688,810,5,Donec ut dolor.
689,874,2,Aliquam erat volutpat. In congue.
690,200,2,Proin eu mi.
691,824,1,Integer non velit. Donec diam neque vestibulum eget vulputate ut ultrices vel augue.
692,864,2,Quisque arcu libero rutrum ac lobortis vel dapibus at diam. Nam tristique tortor eu pede.
693,867,3,In sagittis dui vel nisl. Duis ac nibh.
694,767,3,Proin at turpis a pede posuere nonummy.
695,815,1,Morbi non quam nec dui luctus rutrum.
696,689,2,Vivamus in felis eu sapien cursus vestibulum.
697,835,1,Praesent id massa id nisl venenatis lacinia. Aenean sit amet justo.
698,817,1,Quisque erat eros viverra eget congue eget semper rutrum nulla.
699,60,3,Nam ultrices libero non mattis pulvinar nulla pede ullamcorper augue a suscipit nulla elit ac nulla.
700,397,3,Proin leo odio porttitor id consequat in consequat ut nulla.
701,899,4,Vivamus in felis eu sapien cursus vestibulum. Proin eu mi.
702,252,3,Maecenas tristique est et tempus semper est quam pharetra magna ac consequat metus sapien ut nunc. Vestibulum ante ipsum primis in faucibus orci luctus et ultrices posuere cubilia Curae; Mauris viverra diam vitae quam.
703,160,3,Suspendisse potenti.
704,531,1,Ut tellus.
705,878,4,Fusce consequat.
706,895,4,Suspendisse ornare consequat lectus. In est risus auctor sed tristique in tempus sit amet sem.
707,723,2,Nulla facilisi.
708,874,1,Duis bibendum felis sed interdum venenatis turpis enim blandit mi in porttitor pede justo eu massa. Donec dapibus.
709,30,1,Sed ante.
710,120,1,Cras mi pede malesuada in imperdiet et commodo vulputate justo. In blandit ultrices enim.
711,611,2,Integer a nibh.
712,869,1,In eleifend quam a odio. In hac habitasse platea dictumst.
713,462,1,Donec posuere metus vitae ipsum.
714,914,5,Maecenas ut massa quis augue luctus tincidunt. Nulla mollis molestie lorem.
715,583,5,Etiam justo.
716,806,3,In eleifend quam a odio. In hac habitasse platea dictumst.
717,768,3,Sed accumsan felis.
718,908,5,Duis bibendum.
719,310,5,Nunc rhoncus dui vel sem. Sed sagittis.
720,444,2,Nunc nisl. Duis bibendum felis sed interdum venenatis turpis enim blandit mi in porttitor pede justo eu massa.
721,554,5,Duis at velit eu est congue elementum. In hac habitasse platea dictumst.
722,27,4,Aliquam non mauris. Morbi non lectus.
723,581,1,Donec ut dolor.
724,362,2,Nulla ac enim. In tempor turpis nec euismod scelerisque quam turpis adipiscing lorem vitae mattis nibh ligula nec sem.
725,870,1,Sed accumsan felis.
726,82,1,Duis bibendum.
727,445,3,Integer ac leo.
728,453,2,Praesent lectus. Vestibulum quam sapien varius ut blandit non interdum in ante.
729,199,2,Morbi vel lectus in quam fringilla rhoncus. Mauris enim leo rhoncus sed vestibulum sit amet cursus id turpis.
730,64,2,Maecenas tincidunt lacus at velit.
731,341,2,In blandit ultrices enim.
732,647,1,Nulla suscipit ligula in lacus. Curabitur at ipsum ac tellus semper interdum.
733,642,2,Sed accumsan felis.
734,281,3,Mauris sit amet eros.
735,371,2,Nullam varius. Nulla facilisi.
736,716,3,Morbi porttitor lorem id ligula. Suspendisse ornare consequat lectus.
737,430,3,Pellentesque eget nunc. Donec quis orci eget orci vehicula condimentum.
738,944,5,Phasellus sit amet erat.
739,749,2,Fusce congue diam id ornare imperdiet sapien urna pretium nisl ut volutpat sapien arcu sed augue.
740,594,2,Aenean lectus. Pellentesque eget nunc.
741,615,2,Mauris ullamcorper purus sit amet nulla.
742,381,1,Maecenas leo odio condimentum id luctus nec molestie sed justo. Pellentesque viverra pede ac diam.
743,984,2,Lorem ipsum dolor sit amet consectetuer adipiscing elit. Proin interdum mauris non ligula pellentesque ultrices.
744,161,2,Proin interdum mauris non ligula pellentesque ultrices.
745,505,5,Praesent id massa id nisl venenatis lacinia.
746,552,3,Donec vitae nisi.
747,707,1,In hac habitasse platea dictumst.
748,718,1,Suspendisse ornare consequat lectus.
749,261,3,Vestibulum sed magna at nunc commodo placerat. Praesent blandit.
750,445,5,Integer non velit. Donec diam neque vestibulum eget vulputate ut ultrices vel augue.
751,91,3,Integer ac neque. Duis bibendum.
752,390,4,Morbi non lectus.
753,331,2,Integer pede justo lacinia eget tincidunt eget tempus vel pede.
754,688,1,Vestibulum sed magna at nunc commodo placerat.
755,808,4,Nulla neque libero convallis eget eleifend luctus ultricies eu nibh.
756,276,2,Morbi ut odio. Cras mi pede malesuada in imperdiet et commodo vulputate justo.
757,906,1,In congue. Etiam justo.
758,478,4,Phasellus id sapien in sapien iaculis congue. Vivamus metus arcu adipiscing molestie hendrerit at vulputate vitae nisl.
759,39,2,Donec quis orci eget orci vehicula condimentum.
760,718,4,Nunc nisl. Duis bibendum felis sed interdum venenatis turpis enim blandit mi in porttitor pede justo eu massa.
761,300,4,Sed vel enim sit amet nunc viverra dapibus. Nulla suscipit ligula in lacus.
762,800,2,Nulla suscipit ligula in lacus. Curabitur at ipsum ac tellus semper interdum.
763,383,5,Nulla ac enim.
764,674,1,Aenean auctor gravida sem. Praesent id massa id nisl venenatis lacinia.
765,862,1,Aliquam augue quam sollicitudin vitae consectetuer eget rutrum at lorem. Integer tincidunt ante vel ipsum.
766,256,4,In eleifend quam a odio. In hac habitasse platea dictumst.
767,366,4,Nullam sit amet turpis elementum ligula vehicula consequat.
768,3,1,Praesent blandit lacinia erat. Vestibulum sed magna at nunc commodo placerat.
769,297,1,Pellentesque viverra pede ac diam. Cras pellentesque volutpat dui.
770,915,2,Suspendisse potenti. In eleifend quam a odio.
771,532,1,Suspendisse potenti.
772,765,4,Proin at turpis a pede posuere nonummy. Integer non velit.
773,293,1,Maecenas rhoncus aliquam lacus.
774,476,2,Sed ante.
775,443,2,In hac habitasse platea dictumst.
776,509,4,Maecenas pulvinar lobortis est. Phasellus sit amet erat.
777,600,2,Quisque id justo sit amet sapien dignissim vestibulum.
778,532,2,Cum sociis natoque penatibus et magnis dis parturient montes nascetur ridiculus mus. Etiam vel augue.
779,813,4,Morbi quis tortor id nulla ultrices aliquet. Maecenas leo odio condimentum id luctus nec molestie sed justo.
780,462,2,Nulla ut erat id mauris vulputate elementum.
781,392,5,Pellentesque ultrices mattis odio.
782,181,3,Donec quis orci eget orci vehicula condimentum. Curabitur in libero ut massa volutpat convallis.
783,187,1,Quisque id justo sit amet sapien dignissim vestibulum.
784,938,5,Nullam porttitor lacus at turpis.
785,972,1,Duis at velit eu est congue elementum. In hac habitasse platea dictumst.
786,73,3,Sed ante. Vivamus tortor.
787,214,2,Nulla justo. Aliquam quis turpis eget elit sodales scelerisque.
788,244,5,Vivamus in felis eu sapien cursus vestibulum. Proin eu mi.
789,159,5,Morbi vestibulum velit id pretium iaculis diam erat fermentum justo nec condimentum neque sapien placerat ante.
790,549,4,Morbi vel lectus in quam fringilla rhoncus.
791,247,2,Vestibulum ante ipsum primis in faucibus orci luctus et ultrices posuere cubilia Curae; Mauris viverra diam vitae quam.
792,403,4,Vestibulum ante ipsum primis in faucibus orci luctus et ultrices posuere cubilia Curae; Duis faucibus accumsan odio.
793,669,4,Proin eu mi. Nulla ac enim.
794,620,5,In hac habitasse platea dictumst. Maecenas ut massa quis augue luctus tincidunt.
795,318,4,Donec quis orci eget orci vehicula condimentum.
796,21,4,Nunc nisl. Duis bibendum felis sed interdum venenatis turpis enim blandit mi in porttitor pede justo eu massa.
797,980,5,Nulla mollis molestie lorem. Quisque ut erat.
798,988,4,Nam ultrices libero non mattis pulvinar nulla pede ullamcorper augue a suscipit nulla elit ac nulla.
799,599,2,Nulla suscipit ligula in lacus. Curabitur at ipsum ac tellus semper interdum.
800,796,3,Maecenas tincidunt lacus at velit. Vivamus vel nulla eget eros elementum pellentesque.
801,442,2,Lorem ipsum dolor sit amet consectetuer adipiscing elit.
802,502,4,Proin at turpis a pede posuere nonummy. Integer non velit.
803,895,2,Nulla facilisi. Cras non velit nec nisi vulputate nonummy.
804,476,2,Donec ut dolor.
805,575,4,Duis consequat dui nec nisi volutpat eleifend.
806,262,2,Etiam pretium iaculis justo. In hac habitasse platea dictumst.
807,716,2,Aenean sit amet justo. Morbi ut odio.
808,764,2,Sed accumsan felis.
809,548,3,Proin at turpis a pede posuere nonummy.
810,842,5,Curabitur gravida nisi at nibh. In hac habitasse platea dictumst.
811,261,4,Integer aliquet massa id lobortis convallis tortor risus dapibus augue vel accumsan tellus nisi eu orci. Mauris lacinia sapien quis libero.
812,978,1,Vestibulum ante ipsum primis in faucibus orci luctus et ultrices posuere cubilia Curae; Nulla dapibus dolor vel est. Donec odio justo sollicitudin ut suscipit a feugiat et eros.
813,774,4,Pellentesque eget nunc.
814,858,4,Mauris lacinia sapien quis libero. Nullam sit amet turpis elementum ligula vehicula consequat.
815,255,5,Aliquam quis turpis eget elit sodales scelerisque.
816,1,1,Integer a nibh.
817,279,2,Donec vitae nisi. Nam ultrices libero non mattis pulvinar nulla pede ullamcorper augue a suscipit nulla elit ac nulla.
818,675,1,Nam ultrices libero non mattis pulvinar nulla pede ullamcorper augue a suscipit nulla elit ac nulla.
819,388,3,In blandit ultrices enim.
820,622,5,Nulla tellus. In sagittis dui vel nisl.
821,13,2,In hac habitasse platea dictumst. Etiam faucibus cursus urna.
822,592,1,Duis bibendum felis sed interdum venenatis turpis enim blandit mi in porttitor pede justo eu massa. Donec dapibus.
823,669,2,Donec vitae nisi. Nam ultrices libero non mattis pulvinar nulla pede ullamcorper augue a suscipit nulla elit ac nulla.
824,418,2,Aliquam quis turpis eget elit sodales scelerisque. Mauris sit amet eros.
825,309,5,Sed sagittis. Nam congue risus semper porta volutpat quam pede lobortis ligula sit amet eleifend pede libero quis orci.
826,235,2,Sed sagittis.
827,215,5,Curabitur convallis.
828,402,4,Nullam molestie nibh in lectus.
829,674,1,Cum sociis natoque penatibus et magnis dis parturient montes nascetur ridiculus mus.
830,117,2,Fusce congue diam id ornare imperdiet sapien urna pretium nisl ut volutpat sapien arcu sed augue. Aliquam erat volutpat.
831,312,3,Etiam faucibus cursus urna. Ut tellus.
832,431,4,Nulla tellus.
833,879,5,Vestibulum ante ipsum primis in faucibus orci luctus et ultrices posuere cubilia Curae; Mauris viverra diam vitae quam.
834,9,3,Donec quis orci eget orci vehicula condimentum. Curabitur in libero ut massa volutpat convallis.
835,846,1,Proin eu mi. Nulla ac enim.
836,596,3,Nunc nisl. Duis bibendum felis sed interdum venenatis turpis enim blandit mi in porttitor pede justo eu massa.
837,979,3,Praesent id massa id nisl venenatis lacinia.
838,663,2,Proin eu mi. Nulla ac enim.
839,500,4,Nullam orci pede venenatis non sodales sed tincidunt eu felis. Fusce posuere felis sed lacus.
840,407,1,Nulla suscipit ligula in lacus. Curabitur at ipsum ac tellus semper interdum.
841,487,3,Maecenas ut massa quis augue luctus tincidunt.
842,507,1,Aliquam sit amet diam in magna bibendum imperdiet. Nullam orci pede venenatis non sodales sed tincidunt eu felis.
843,854,1,In hac habitasse platea dictumst.
844,829,4,Vestibulum ac est lacinia nisi venenatis tristique.
845,982,4,Aenean lectus. Pellentesque eget nunc.
846,801,3,Pellentesque ultrices mattis odio.
847,609,4,Vestibulum ac est lacinia nisi venenatis tristique. Fusce congue diam id ornare imperdiet sapien urna pretium nisl ut volutpat sapien arcu sed augue.
848,159,2,Proin eu mi. Nulla ac enim.
849,843,5,Phasellus in felis. Donec semper sapien a libero.
850,99,1,Maecenas pulvinar lobortis est.
851,847,5,Quisque porta volutpat erat.
852,433,4,Maecenas tincidunt lacus at velit.
853,445,5,Vestibulum sed magna at nunc commodo placerat. Praesent blandit.
854,365,5,Sed ante. Vivamus tortor.
855,182,4,Proin at turpis a pede posuere nonummy. Integer non velit.
856,383,4,Suspendisse potenti.
857,72,2,Maecenas tincidunt lacus at velit. Vivamus vel nulla eget eros elementum pellentesque.
858,33,5,Vivamus metus arcu adipiscing molestie hendrerit at vulputate vitae nisl.
859,700,1,Nam nulla.
860,588,4,Praesent lectus. Vestibulum quam sapien varius ut blandit non interdum in ante.
861,626,3,Sed sagittis. Nam congue risus semper porta volutpat quam pede lobortis ligula sit amet eleifend pede libero quis orci.
862,350,5,Donec semper sapien a libero. Nam dui.
863,484,2,Morbi non lectus. Aliquam sit amet diam in magna bibendum imperdiet.
864,598,4,Pellentesque at nulla. Suspendisse potenti.
865,189,3,Donec quis orci eget orci vehicula condimentum.
866,777,2,Nunc nisl. Duis bibendum felis sed interdum venenatis turpis enim blandit mi in porttitor pede justo eu massa.
867,230,3,Duis mattis egestas metus.
868,140,4,Fusce lacus purus aliquet at feugiat non pretium quis lectus.
869,535,5,Fusce consequat. Nulla nisl.
870,780,2,Donec semper sapien a libero.
871,147,2,Fusce posuere felis sed lacus. Morbi sem mauris laoreet ut rhoncus aliquet pulvinar sed nisl.
872,434,4,Phasellus sit amet erat.
873,384,5,Aliquam non mauris.
874,176,5,Fusce lacus purus aliquet at feugiat non pretium quis lectus.
875,749,5,Suspendisse ornare consequat lectus.
876,50,5,Maecenas tristique est et tempus semper est quam pharetra magna ac consequat metus sapien ut nunc.
877,254,4,Praesent lectus. Vestibulum quam sapien varius ut blandit non interdum in ante.
878,262,2,Suspendisse ornare consequat lectus.
879,28,3,Nulla ac enim. In tempor turpis nec euismod scelerisque quam turpis adipiscing lorem vitae mattis nibh ligula nec sem.
880,523,5,Morbi a ipsum. Integer a nibh.
881,791,2,Nam ultrices libero non mattis pulvinar nulla pede ullamcorper augue a suscipit nulla elit ac nulla.
882,915,5,Nullam orci pede venenatis non sodales sed tincidunt eu felis. Fusce posuere felis sed lacus.
883,507,3,Mauris ullamcorper purus sit amet nulla.
884,420,5,In hac habitasse platea dictumst.
885,217,5,In hac habitasse platea dictumst. Maecenas ut massa quis augue luctus tincidunt.
886,499,5,Integer ac leo. Pellentesque ultrices mattis odio.
887,322,4,Vestibulum ante ipsum primis in faucibus orci luctus et ultrices posuere cubilia Curae; Donec pharetra magna vestibulum aliquet ultrices erat tortor sollicitudin mi sit amet lobortis sapien sapien non mi.
888,415,3,Cras non velit nec nisi vulputate nonummy.
889,634,3,Nam nulla. Integer pede justo lacinia eget tincidunt eget tempus vel pede.
890,807,1,Nam ultrices libero non mattis pulvinar nulla pede ullamcorper augue a suscipit nulla elit ac nulla. Sed vel enim sit amet nunc viverra dapibus.
891,925,4,Curabitur at ipsum ac tellus semper interdum. Mauris ullamcorper purus sit amet nulla.
892,86,4,Mauris enim leo rhoncus sed vestibulum sit amet cursus id turpis. Integer aliquet massa id lobortis convallis tortor risus dapibus augue vel accumsan tellus nisi eu orci.
893,198,5,Phasellus in felis.
894,78,3,Fusce posuere felis sed lacus. Morbi sem mauris laoreet ut rhoncus aliquet pulvinar sed nisl.
895,412,5,Vestibulum quam sapien varius ut blandit non interdum in ante.
896,670,3,Aenean auctor gravida sem. Praesent id massa id nisl venenatis lacinia.
897,213,2,In tempor turpis nec euismod scelerisque quam turpis adipiscing lorem vitae mattis nibh ligula nec sem. Duis aliquam convallis nunc.
898,808,4,In hac habitasse platea dictumst.
899,652,3,Morbi a ipsum.
900,269,1,Integer pede justo lacinia eget tincidunt eget tempus vel pede.
901,420,1,Donec posuere metus vitae ipsum.
902,276,4,Morbi a ipsum.
903,334,3,Maecenas pulvinar lobortis est. Phasellus sit amet erat.
904,370,3,Phasellus in felis.
905,918,4,Pellentesque viverra pede ac diam.
906,109,2,Nullam sit amet turpis elementum ligula vehicula consequat.
907,269,4,Nullam porttitor lacus at turpis.
908,422,4,Etiam faucibus cursus urna.
909,164,4,Phasellus id sapien in sapien iaculis congue. Vivamus metus arcu adipiscing molestie hendrerit at vulputate vitae nisl.
910,684,5,Sed sagittis.
911,411,2,Vestibulum sed magna at nunc commodo placerat.
912,741,2,Phasellus in felis.
913,364,4,Quisque id justo sit amet sapien dignissim vestibulum. Vestibulum ante ipsum primis in faucibus orci luctus et ultrices posuere cubilia Curae; Nulla dapibus dolor vel est.
914,121,4,Integer a nibh.
915,719,3,Integer aliquet massa id lobortis convallis tortor risus dapibus augue vel accumsan tellus nisi eu orci.
916,878,4,In hac habitasse platea dictumst.
917,44,2,Maecenas leo odio condimentum id luctus nec molestie sed justo.
918,143,1,In hac habitasse platea dictumst.
919,684,3,Nam congue risus semper porta volutpat quam pede lobortis ligula sit amet eleifend pede libero quis orci. Nullam molestie nibh in lectus.
920,566,2,Lorem ipsum dolor sit amet consectetuer adipiscing elit.
921,945,2,Integer aliquet massa id lobortis convallis tortor risus dapibus augue vel accumsan tellus nisi eu orci. Mauris lacinia sapien quis libero.
922,842,5,Nunc purus. Phasellus in felis.
923,319,1,Donec semper sapien a libero. Nam dui.
924,757,1,Fusce lacus purus aliquet at feugiat non pretium quis lectus. Suspendisse potenti.
925,944,2,Aenean sit amet justo. Morbi ut odio.
926,893,4,Nulla mollis molestie lorem.
927,368,2,Vestibulum ante ipsum primis in faucibus orci luctus et ultrices posuere cubilia Curae; Duis faucibus accumsan odio.
928,315,3,Proin at turpis a pede posuere nonummy. Integer non velit.
929,722,2,Maecenas pulvinar lobortis est.
930,1000,4,Nunc rhoncus dui vel sem.
931,557,1,Maecenas rhoncus aliquam lacus.
932,872,1,Morbi quis tortor id nulla ultrices aliquet.
933,871,5,Fusce lacus purus aliquet at feugiat non pretium quis lectus.
934,84,4,Praesent id massa id nisl venenatis lacinia. Aenean sit amet justo.
935,250,4,Cras non velit nec nisi vulputate nonummy. Maecenas tincidunt lacus at velit.
936,587,3,Nam nulla. Integer pede justo lacinia eget tincidunt eget tempus vel pede.
937,843,1,Praesent lectus. Vestibulum quam sapien varius ut blandit non interdum in ante.
938,703,3,Vestibulum ac est lacinia nisi venenatis tristique. Fusce congue diam id ornare imperdiet sapien urna pretium nisl ut volutpat sapien arcu sed augue.
939,77,4,In congue.
940,221,5,Proin risus. Praesent lectus.
941,640,3,Morbi vel lectus in quam fringilla rhoncus.
942,288,2,Etiam justo. Etiam pretium iaculis justo.
943,277,3,Aliquam erat volutpat. In congue.
944,23,2,Duis mattis egestas metus.
945,41,2,Nullam porttitor lacus at turpis. Donec posuere metus vitae ipsum.
946,134,1,Quisque ut erat.
947,610,4,Ut at dolor quis odio consequat varius.
948,569,3,Phasellus id sapien in sapien iaculis congue. Vivamus metus arcu adipiscing molestie hendrerit at vulputate vitae nisl.
949,614,5,Proin at turpis a pede posuere nonummy. Integer non velit.
950,765,3,In est risus auctor sed tristique in tempus sit amet sem.
951,560,3,Vivamus vel nulla eget eros elementum pellentesque.
952,726,2,Quisque arcu libero rutrum ac lobortis vel dapibus at diam.
953,194,2,Curabitur gravida nisi at nibh. In hac habitasse platea dictumst.
954,985,4,Cras pellentesque volutpat dui. Maecenas tristique est et tempus semper est quam pharetra magna ac consequat metus sapien ut nunc.
955,386,4,Suspendisse accumsan tortor quis turpis. Sed ante.
956,650,1,Vivamus vel nulla eget eros elementum pellentesque.
957,768,4,Praesent id massa id nisl venenatis lacinia. Aenean sit amet justo.
958,732,5,Praesent lectus.
959,642,5,Duis aliquam convallis nunc. Proin at turpis a pede posuere nonummy.
960,350,3,Aenean sit amet justo.
961,871,5,Ut at dolor quis odio consequat varius.
962,542,4,Nunc nisl. Duis bibendum felis sed interdum venenatis turpis enim blandit mi in porttitor pede justo eu massa.
963,455,4,Nunc purus.
964,131,1,Maecenas tincidunt lacus at velit. Vivamus vel nulla eget eros elementum pellentesque.
965,12,3,Cum sociis natoque penatibus et magnis dis parturient montes nascetur ridiculus mus. Etiam vel augue.
966,145,1,Cum sociis natoque penatibus et magnis dis parturient montes nascetur ridiculus mus. Etiam vel augue.
967,707,5,Vestibulum ac est lacinia nisi venenatis tristique.
968,257,2,Phasellus sit amet erat.
969,868,5,In hac habitasse platea dictumst.
970,855,2,Donec vitae nisi.
971,878,2,Aenean sit amet justo. Morbi ut odio.
972,699,1,In blandit ultrices enim. Lorem ipsum dolor sit amet consectetuer adipiscing elit.
973,632,3,In sagittis dui vel nisl.
974,159,4,Nam nulla.
975,907,4,Aenean fermentum. Donec ut mauris eget massa tempor convallis.
976,991,4,Vestibulum ante ipsum primis in faucibus orci luctus et ultrices posuere cubilia Curae; Mauris viverra diam vitae quam. Suspendisse potenti.
977,461,5,Donec ut mauris eget massa tempor convallis. Nulla neque libero convallis eget eleifend luctus ultricies eu nibh.
978,707,5,Vestibulum ante ipsum primis in faucibus orci luctus et ultrices posuere cubilia Curae; Nulla dapibus dolor vel est.
979,873,3,Maecenas rhoncus aliquam lacus.
980,671,1,In eleifend quam a odio.
981,109,1,Quisque porta volutpat erat. Quisque erat eros viverra eget congue eget semper rutrum nulla.
982,667,4,Duis aliquam convallis nunc. Proin at turpis a pede posuere nonummy.
983,604,2,Fusce consequat. Nulla nisl.
984,859,5,In eleifend quam a odio. In hac habitasse platea dictumst.
985,38,5,Lorem ipsum dolor sit amet consectetuer adipiscing elit. Proin interdum mauris non ligula pellentesque ultrices.
986,162,3,Cras non velit nec nisi vulputate nonummy. Maecenas tincidunt lacus at velit.
987,560,2,Mauris sit amet eros. Suspendisse accumsan tortor quis turpis.
988,676,5,Morbi ut odio.
989,852,5,Donec odio justo sollicitudin ut suscipit a feugiat et eros. Vestibulum ac est lacinia nisi venenatis tristique.
990,617,3,Sed sagittis. Nam congue risus semper porta volutpat quam pede lobortis ligula sit amet eleifend pede libero quis orci.
991,654,3,Duis at velit eu est congue elementum.
992,126,2,Nam ultrices libero non mattis pulvinar nulla pede ullamcorper augue a suscipit nulla elit ac nulla. Sed vel enim sit amet nunc viverra dapibus.
993,177,3,Lorem ipsum dolor sit amet consectetuer adipiscing elit. Proin risus.
994,291,1,Aliquam erat volutpat. In congue.
995,612,1,Vestibulum ante ipsum primis in faucibus orci luctus et ultrices posuere cubilia Curae; Mauris viverra diam vitae quam.
996,934,4,Donec vitae nisi. Nam ultrices libero non mattis pulvinar nulla pede ullamcorper augue a suscipit nulla elit ac nulla.
997,485,3,Aliquam non mauris. Morbi non lectus.
998,187,4,Sed ante.
999,642,4,Morbi non lectus.
1000,491,2,Morbi non lectus. Aliquam sit amet diam in magna bibendum imperdiet.
